TGTLATDD_DDD_WGS84,TGTLONDDD_DDD_WGS84
16.2375,105.35
16.215833,105.392222
