TGTLATDD_DDD_WGS84,TGTLONDDD_DDD_WGS84
11.007222,106.834444
11.007222,106.834444
